{
  "generator-jhipster": {
    "jhipsterVersion": "3.8.0",
    "baseName": "midterm",
    "packageName": "org.jhipster.com",
    "packageFolder": "org/jhipster/com",
    "serverPort": "8080",
    "authenticationType": "session",
    "hibernateCache": "ehcache",
    "clusteredHttpSession": false,
    "websocket": false,
    "databaseType": "sql",
    "devDatabaseType": "h2Disk",
    "prodDatabaseType": "mysql",
    "searchEngine": "elasticsearch",
    "messageBroker": false,
    "buildTool": "gradle",
    "enableSocialSignIn": false,
    "rememberMeKey": "a77627c8b30adb936213002f7065ba03e2d23a94",
    "useSass": false,
    "applicationType": "monolith",
    "testFrameworks": [],
    "jhiPrefix": "jhi",
    "enableTranslation": false
  }
}