{
    "fluentMethods": true,
    "relationships": [
        {
            "relationshipType": "one-to-many",
            "relationshipName": "submission",
            "otherEntityName": "submission",
            "otherEntityRelationshipName": "student"
        }
    ],
    "fields": [
        {
            "fieldName": "name",
            "fieldType": "String"
        },
        {
            "fieldName": "studentId",
            "fieldType": "String"
        },
        {
            "fieldName": "email",
            "fieldType": "String"
        }
    ],
    "changelogDate": "20161022005251",
    "entityTableName": "student",
    "dto": "no",
    "pagination": "no",
    "service": "no"
}